City_ID,City,Lat,Lng,Max Temp,Humidity,Cloudiness,Wind Speed,Country,Date
0,albany,42.6001,-73.9662,9.0,59,25,3.6,US,1612075005
1,port alfred,-33.5906,26.891,75.0,77,100,3.27,ZA,1612074849
2,saint-philippe,-21.3585,55.7679,89.6,58,0,20.71,RE,1612074760
3,nikolskoye,59.7035,30.7861,24.8,86,75,4.47,RU,1612075006
4,dakar,14.6937,-17.4441,66.2,88,100,11.5,SN,1612075007
5,boende,-0.2167,20.8667,76.19,87,35,3.22,CD,1612075007
6,souillac,-20.5167,57.5167,86.0,66,40,10.36,MU,1612075007
7,constitucion,-35.3333,-72.4167,57.88,90,24,6.13,CL,1612075007
8,bluff,-46.6,168.3333,57.49,77,100,5.68,NZ,1612075007
9,cape town,-33.9258,18.4232,69.01,88,90,12.66,ZA,1612074867
10,morondava,-20.2833,44.2833,85.03,65,0,3.42,MG,1612075008
11,yar-sale,66.8333,70.8333,-13.04,88,100,15.68,RU,1612074790
12,airai,-8.9266,125.4092,66.51,97,100,6.93,TL,1612075008
13,pakxan,18.3778,103.6601,89.01,37,25,5.7,LA,1612075009
14,jamestown,42.097,-79.2353,21.0,73,90,6.91,US,1612075009
15,langsa,4.4683,97.9683,87.1,56,100,6.35,ID,1612075009
16,talnakh,69.4865,88.3972,-30.06,71,0,7.65,RU,1612074790
17,busselton,-33.65,115.3333,93.99,29,0,1.99,AU,1612074799
18,bengkulu,-3.8004,102.2655,81.01,75,100,9.95,ID,1612075010
19,ushuaia,-54.8,-68.3,46.4,71,0,6.91,AR,1612075010
20,rikitea,-23.1203,-134.9692,78.93,77,9,10.16,PF,1612075010
21,cidreira,-30.1811,-50.2056,73.89,88,100,9.04,BR,1612075010
22,hithadhoo,-0.6,73.0833,82.29,77,75,15.95,MV,1612075010
23,kodiak,57.79,-152.4072,28.4,50,1,19.57,US,1612075011
24,puerto ayora,-0.7393,-90.3518,78.01,92,20,7.0,EC,1612075011
25,butaritari,3.0707,172.7902,81.48,79,100,15.97,KI,1612074790
26,mar del plata,-38.0023,-57.5575,60.01,58,75,13.8,AR,1612074754
27,arraial do cabo,-22.9661,-42.0278,75.67,83,95,25.1,BR,1612075011
28,khatanga,71.9667,102.5,-47.83,77,47,2.04,RU,1612075012
29,rennes,48.1667,-1.6667,48.2,93,90,9.22,FR,1612074728
30,kavieng,-2.5744,150.7967,83.39,72,100,10.83,PG,1612075012
31,tuktoyaktuk,69.4541,-133.0374,-32.8,68,40,3.44,CA,1612074766
32,pevek,69.7008,170.3133,-33.81,84,1,2.15,RU,1612075012
33,hamilton,39.1834,-84.5333,34.0,86,90,4.61,US,1612075013
34,mataura,-46.1927,168.8643,64.0,61,99,4.41,NZ,1612074747
35,elko,41.0002,-115.5012,25.0,82,0,5.99,US,1612075013
36,multai,21.7667,78.25,75.96,18,0,4.79,IN,1612075013
37,angoche,-16.2325,39.9086,83.1,74,100,8.84,MZ,1612075013
38,ialibu,-6.2821,143.9935,64.54,88,100,5.64,PG,1612075013
39,emerald,-23.5333,148.1667,96.8,23,40,10.36,AU,1612075014
40,chokurdakh,70.6333,147.9167,-31.09,84,0,9.08,RU,1612074782
41,hermanus,-34.4187,19.2345,75.99,70,2,1.01,ZA,1612075014
42,haimen,23.1935,116.6142,75.2,41,0,4.47,CN,1612075014
43,barrow,71.2906,-156.7887,-18.4,69,90,8.05,US,1612075014
44,cozumel,20.5083,-86.9458,72.0,82,100,10.54,MX,1612075014
45,punta arenas,-53.15,-70.9167,48.2,71,0,19.57,CL,1612074938
46,maragogi,-9.0122,-35.2225,76.55,82,100,6.04,BR,1612074936
47,sydney,-33.8679,151.2073,72.0,83,75,12.66,AU,1612074900
48,amga,60.8953,131.9608,-31.14,82,100,3.29,RU,1612075015
49,marawi,7.9986,124.2928,82.99,78,85,13.0,PH,1612075015
50,tasiilaq,65.6145,-37.6368,17.6,53,75,3.44,GL,1612075016
51,dikson,73.5069,80.5464,-32.19,79,0,5.46,RU,1612074789
52,balkhash,46.844,74.9804,17.6,73,0,17.9,KZ,1612075016
53,dakoro,14.5106,6.765,61.29,28,0,9.57,NE,1612074893
54,komsomolskiy,40.4272,71.7189,48.2,25,88,2.3,UZ,1612075016
55,santa cruz,-17.8,-63.1667,74.32,87,85,15.55,BO,1612075016
56,hilo,19.7297,-155.09,71.6,83,75,6.91,US,1612075004
57,kiama,-34.6833,150.8667,73.0,93,64,1.99,AU,1612075017
58,saint george,37.1041,-113.5841,37.99,75,1,2.21,US,1612074797
59,mokokchung,26.3333,94.5333,62.53,44,9,5.12,IN,1612075017
60,weligama,5.9667,80.4167,83.55,72,46,2.91,LK,1612074896
61,sosnovka,56.255,51.2842,32.14,97,100,14.23,RU,1612075017
62,qaanaaq,77.484,-69.3632,-3.46,87,100,0.76,GL,1612074747
63,zhezkazgan,47.8043,67.7144,22.21,96,49,6.93,KZ,1612074869
64,sampit,-2.5333,112.95,90.63,54,100,2.84,ID,1612075018
65,te anau,-45.4167,167.7167,55.58,79,100,4.9,NZ,1612075018
66,flinders,-34.5833,150.8552,73.0,80,85,1.99,AU,1612075018
67,luderitz,-26.6481,15.1594,68.16,53,0,17.54,NA,1612075018
68,hobart,-42.8794,147.3294,70.0,48,75,11.5,AU,1612074817
69,leningradskiy,69.3833,178.4167,-26.97,83,0,4.12,RU,1612075019
70,pingliang,35.5392,106.6861,41.65,47,0,6.24,CN,1612075019
71,naze,28.3667,129.4833,62.6,55,20,9.22,JP,1612074897
72,kieta,-6.2167,155.6333,83.01,70,99,14.5,PG,1612075019
73,paramonga,-10.6667,-77.8333,69.67,81,81,7.2,PE,1612075019
74,cabo san lucas,22.8909,-109.9124,63.0,77,4,3.0,MX,1612075019
75,cayenne,4.9333,-52.3333,78.8,89,75,10.36,GF,1612075019
76,cherskiy,68.75,161.3,-35.3,83,0,0.54,RU,1612075020
77,mount gambier,-37.8333,140.7667,71.6,43,0,17.27,AU,1612074741
78,vaini,-21.2,-175.2,78.8,94,75,5.75,TO,1612075020
79,kaitangata,-46.2817,169.8464,62.01,85,100,4.0,NZ,1612075020
80,palauig,15.435,119.9045,80.82,52,100,3.51,PH,1612075020
81,coihaique,-45.5752,-72.0662,46.4,81,0,0.31,CL,1612075021
82,okahandja,-21.9833,16.9167,70.0,60,100,3.96,NA,1612075021
83,atuona,-9.8,-139.0333,79.23,76,80,19.1,PF,1612074762
84,calama,-22.4667,-68.9333,46.4,36,0,16.11,CL,1612074724
85,jucurutu,-6.0339,-37.0203,76.93,68,97,4.83,BR,1612075021
86,port elizabeth,-33.918,25.5701,71.6,64,0,8.05,ZA,1612075022
87,tiarei,-17.5333,-149.3333,80.6,74,75,14.97,PF,1612075022
88,hovd,48.0056,91.6419,19.98,71,0,3.71,MN,1612075022
89,chuy,-33.6971,-53.4616,69.22,87,100,14.27,UY,1612075022
90,longyearbyen,78.2186,15.6401,-5.8,49,20,20.71,SJ,1612075022
91,ukiah,39.1502,-123.2078,48.2,66,90,5.75,US,1612075023
92,nemuro,43.3236,145.575,24.8,50,20,10.36,JP,1612075023
93,kapaa,22.0752,-159.319,71.6,83,75,18.41,US,1612075023
94,ruwi,23.5996,58.5507,78.8,29,0,2.3,OM,1612075023
95,sao domingos do prata,-19.865,-42.9683,69.8,88,0,5.75,BR,1612075024
96,pacifica,37.6138,-122.4869,53.6,66,75,3.44,US,1612075024
97,norman wells,65.282,-126.8329,-22.0,76,75,2.75,CA,1612075024
98,guarapari,-20.6667,-40.4975,77.0,83,20,5.75,BR,1612075024
99,saskylakh,71.9167,114.0833,-32.17,83,100,8.7,RU,1612075024
100,naryan-mar,67.6713,53.087,3.38,93,100,11.43,RU,1612075025
101,puerto narino,-3.7703,-70.3831,75.2,100,40,0.69,CO,1612075025
102,mizan teferi,6.9833,35.5833,76.12,42,95,0.09,ET,1612075025
103,nizhniy kuranakh,58.8353,125.4869,-31.18,80,100,1.83,RU,1612075025
104,san nicolas,18.1725,120.5953,80.6,50,75,8.05,PH,1612075025
105,southampton,50.904,-1.4043,39.0,90,100,11.07,GB,1612074970
106,kulu,39.0951,33.0799,39.2,80,74,4.54,TR,1612075026
107,la asuncion,11.0333,-63.8628,76.08,90,96,13.13,VE,1612074893
108,leo,11.1,-2.1,67.84,24,26,7.67,BF,1612075026
109,esperance,-33.8667,121.9,86.0,26,0,16.11,AU,1612075026
110,oksfjord,70.2396,22.3479,24.8,93,100,4.61,NO,1612075026
111,san patricio,28.017,-97.5169,64.0,100,40,5.75,US,1612075026
112,upernavik,72.7868,-56.1549,-9.6,86,43,4.03,GL,1612075026
113,ponta do sol,32.6667,-17.1,57.0,75,1,5.01,PT,1612075027
114,soyo,-6.1349,12.3689,75.2,94,75,2.3,AO,1612075027
115,solnechnyy,50.7214,136.6319,-8.75,88,99,4.94,RU,1612074854
116,castro,-24.7911,-50.0119,64.36,95,100,4.41,BR,1612074769
117,oskarshamn,57.2645,16.4484,14.0,100,2,1.14,SE,1612075027
118,klyuchi,52.2667,79.1667,12.61,95,100,8.43,RU,1612075027
119,road town,18.4167,-64.6167,75.99,88,73,21.99,VG,1612075028
120,praia da vitoria,38.7333,-27.0667,64.4,88,75,12.86,PT,1612075028
121,bowen,-20.0167,148.2333,84.2,70,75,14.97,AU,1612075028
122,caravelas,-17.7125,-39.2481,73.83,88,54,3.67,BR,1612075028
123,husavik,66.0449,-17.3389,17.6,73,90,8.05,IS,1612075028
124,umm kaddadah,13.6017,26.6876,67.05,23,0,17.47,SD,1612075028
125,varkkallai,8.7341,76.7067,87.8,66,20,2.3,IN,1612075029
126,ambalavao,-21.8333,46.9333,78.12,56,0,4.9,MG,1612075024
127,ust-kan,50.9276,84.761,23.23,87,27,3.6,RU,1612075029
128,varhaug,58.6147,5.6457,28.0,93,75,2.3,NO,1612075029
129,pathein,16.7833,94.7333,91.47,26,89,9.91,MM,1612075029
130,vangaindrano,-23.35,47.6,84.74,69,30,5.55,MG,1612075029
131,mangalia,43.8,28.5833,39.99,93,0,3.44,RO,1612075029
132,bethel,41.3712,-73.414,14.0,72,1,4.9,US,1612074946
133,newport,51.5877,-2.9984,33.01,92,100,1.99,GB,1612075030
134,tiksi,71.6872,128.8694,-26.3,86,100,5.06,RU,1612074780
135,kamaishi,39.2667,141.8833,30.2,59,75,10.36,JP,1612075030
136,pirapora,-17.345,-44.9419,68.79,75,73,2.06,BR,1612075030
137,padang,-0.9492,100.3543,81.73,71,100,4.09,ID,1612075030
138,verkh-chebula,56.0308,87.6218,-13.86,87,67,8.52,RU,1612075031
139,sulangan,11.1373,123.7228,80.8,76,99,21.74,PH,1612075031
140,thompson,55.7435,-97.8558,14.0,85,90,2.64,CA,1612075031
141,tonj,7.2737,28.6822,81.55,16,98,6.73,SS,1612075031
142,tanda,26.55,82.65,68.05,34,0,4.29,IN,1612075032
143,la ronge,55.1001,-105.2842,12.2,79,3,1.14,CA,1612075032
144,ahipara,-35.1667,173.1667,66.31,66,11,3.51,NZ,1612075032
145,adrar,20.5022,-10.0711,61.18,30,57,8.63,MR,1612075032
146,provideniya,64.3833,-173.3,-9.51,87,100,20.0,RU,1612075032
147,faanui,-16.4833,-151.75,82.36,71,100,10.42,PF,1612075033
148,fortuna,40.5982,-124.1573,54.0,58,75,28.77,US,1612075033
149,ilulissat,69.2167,-51.1,6.8,66,90,11.5,GL,1612074819
150,whyalla,-33.0333,137.5833,80.6,36,99,14.97,AU,1612074911
151,tocopilla,-22.092,-70.1979,64.81,67,18,2.82,CL,1612075033
152,tuatapere,-46.1333,167.6833,59.58,70,100,0.65,NZ,1612074814
153,el cobre,20.0489,-75.9469,69.8,73,20,4.61,CU,1612075034
154,pacific grove,36.6177,-121.9166,51.01,87,90,4.61,US,1612075034
155,ribeira grande,38.5167,-28.7,63.05,94,86,16.55,PT,1612074764
156,agadez,19.75,10.25,57.0,32,0,4.14,NE,1612075034
157,avarua,-21.2078,-159.775,77.0,88,40,2.3,CK,1612074765
158,zacatecoluca,13.5,-88.8667,77.0,69,0,5.75,SV,1612075035
159,thohoyandou,-22.9456,30.485,77.09,82,17,4.76,ZA,1612074876
160,pichayevo,53.2363,42.2032,34.34,91,100,22.41,RU,1612075035
161,ishigaki,24.3448,124.1572,71.6,49,20,12.66,JP,1612075035
162,baiersbronn,48.5,8.3833,36.0,99,100,1.61,DE,1612075035
163,hasaki,35.7333,140.8333,54.0,32,20,13.8,JP,1612075035
164,robertsport,6.7533,-11.3686,77.95,88,97,4.5,LR,1612075035
165,sabzevar,36.2126,57.6819,47.53,52,0,11.18,IR,1612075036
166,anadyr,64.75,177.4833,1.4,71,75,20.13,RU,1612075036
167,mahebourg,-20.4081,57.7,86.0,66,40,10.36,MU,1612075036
168,coquimbo,-29.9533,-71.3436,64.4,88,0,4.61,CL,1612074826
169,mercedes,-34.6515,-59.4307,59.0,87,29,14.0,AR,1612075036
170,diego de almagro,-26.3667,-70.05,54.93,60,0,1.74,CL,1612075037
171,niihama,33.9593,133.3167,55.4,44,20,9.22,JP,1612075037
172,haines junction,60.7522,-137.5108,-18.4,76,91,1.14,CA,1612075037
173,carauari,-4.8828,-66.8958,72.73,98,100,2.35,BR,1612075037
174,hualmay,-11.0964,-77.6139,70.14,78,72,8.93,PE,1612075037
175,iskateley,67.6803,53.1512,3.27,93,100,11.41,RU,1612075037
176,plouzane,48.3833,-4.6167,48.2,100,90,3.44,FR,1612075038
177,narsaq,60.9167,-46.05,39.2,28,75,29.93,GL,1612075038
178,north vanlaiphai,23.1333,93.0667,66.33,27,0,6.89,IN,1612075038
179,quatre cocos,-20.2078,57.7625,86.0,66,40,10.36,MU,1612075038
180,mmabatho,-25.85,25.6333,66.2,100,90,6.91,ZA,1612075038
181,wanning,18.8003,110.3967,73.36,69,22,11.48,CN,1612074829
182,lompoc,34.6391,-120.4579,46.0,93,1,3.44,US,1612075039
183,lebu,-37.6167,-73.65,55.26,90,4,11.86,CL,1612075039
184,wajima,37.4,136.9,35.6,60,40,5.75,JP,1612075039
185,villa carlos paz,-31.4241,-64.4978,62.01,97,92,3.0,AR,1612074984
186,plainview,40.7765,-73.4673,23.0,58,1,8.05,US,1612075039
187,nanortalik,60.1432,-45.2371,27.73,91,100,6.93,GL,1612075040
188,hammerfest,70.6634,23.6821,24.8,93,75,10.36,NO,1612075040
189,opuwo,-18.0607,13.84,71.74,52,100,3.09,NA,1612074926
190,isla vista,34.4133,-119.861,46.99,93,1,2.46,US,1612075040
191,aykhal,66.0,111.5,-31.11,81,100,11.3,RU,1612075040
192,bhatkal,13.9667,74.5667,84.94,47,0,6.26,IN,1612075040
193,port hardy,50.6996,-127.4199,44.6,87,90,19.57,CA,1612074772
194,saint-francois,46.4154,3.9054,44.01,100,90,4.61,FR,1612074898
195,udachnyy,66.4167,112.4,-29.9,81,100,12.66,RU,1612075041
196,coihueco,-36.6167,-71.8333,57.2,91,9,4.61,CL,1612075041
197,chapais,49.7834,-74.8492,-5.8,84,90,4.61,CA,1612075041
198,zemio,5.0314,25.1361,81.54,16,86,7.36,CF,1612075041
199,bama,11.5221,13.6856,69.91,35,47,4.41,NG,1612075042
200,georgetown,5.4112,100.3354,89.6,55,20,9.22,MY,1612075042
201,anloga,5.7947,0.8973,80.6,89,20,4.61,GH,1612075042
202,katsuura,35.1333,140.3,53.01,35,20,16.11,JP,1612075042
203,san borja,-14.8167,-66.85,71.46,97,44,1.88,BO,1612075042
204,kalianget,-7.05,113.9333,84.81,75,85,13.58,ID,1612075042
205,yellowknife,62.456,-114.3525,-13.0,76,20,3.44,CA,1612075042
206,sitka,57.0531,-135.33,37.4,70,1,5.75,US,1612074872
207,toora-khem,52.4675,96.11,-2.11,85,100,0.78,RU,1612074937
208,contamana,-7.3333,-75.0167,71.69,93,100,0.92,PE,1612075043
209,poum,-20.2333,164.0167,79.63,71,2,8.55,NC,1612075043
210,snihurivka,47.0758,32.8052,33.8,100,0,8.95,UA,1612075043
211,oranjestad,12.524,-70.027,78.8,78,20,23.02,AW,1612075043
212,annau,37.8876,58.516,55.4,54,75,4.61,TM,1612075043
213,east london,-33.0153,27.9116,71.6,88,90,3.44,ZA,1612074794
214,landsberg,52.7368,15.2288,19.99,80,0,5.53,PL,1612075044
215,victoria,22.2855,114.1577,73.4,40,0,16.11,HK,1612074788
216,nishihara,26.1842,127.7558,68.0,39,40,14.97,JP,1612075044
217,kualakapuas,-3.0091,114.3876,77.0,94,90,11.18,ID,1612075044
218,bredasdorp,-34.5322,20.0403,75.99,70,0,1.01,ZA,1612075044
219,paamiut,61.994,-49.6678,21.92,89,0,12.75,GL,1612075044
220,torbay,47.6666,-52.7314,30.0,93,90,16.11,CA,1612074918
221,masterton,-40.9597,175.6575,66.99,62,0,3.0,NZ,1612075045
222,mahon,39.8885,4.2658,53.6,66,0,12.66,ES,1612075045
223,la macarena,2.1837,-73.7849,71.24,76,98,1.74,CO,1612075045
224,mangan,27.5167,88.5333,64.38,29,7,6.53,IN,1612075045
225,ambilobe,-13.2,49.05,87.46,64,0,2.68,MG,1612075046
226,khandyga,62.6667,135.6,-48.42,76,70,1.07,RU,1612075046
227,ipixuna,-1.7625,-48.8043,77.0,94,0,5.75,BR,1612075046
228,guangyuan,32.442,105.823,48.0,44,5,1.01,CN,1612075046
229,clyde river,70.4692,-68.5914,-0.4,78,90,3.44,CA,1612075046
230,sao joao da barra,-21.6403,-41.0511,75.15,83,37,17.02,BR,1612075046
231,ust-maya,60.4167,134.5333,-33.36,82,100,2.3,RU,1612075047
232,kumertau,52.7667,55.7833,22.96,97,100,2.82,RU,1612075047
233,skelleftea,64.7507,20.9528,6.8,85,90,4.61,SE,1612075047
234,remontnoye,46.5614,43.6501,30.2,93,90,11.18,RU,1612074911
235,half moon bay,37.4636,-122.4286,53.01,87,75,4.41,US,1612075047
236,lata,40.1629,-8.3327,57.0,96,100,5.01,PT,1612075047
237,watsa,3.0372,29.5355,81.21,24,100,5.84,CD,1612075048
238,sandwick,60.0,-1.25,35.6,93,75,9.22,GB,1612075048
239,hvolsvollur,63.7533,-20.2243,20.37,90,100,7.27,IS,1612075048
240,dingle,10.9995,122.6711,81.32,72,100,16.8,PH,1612075048
241,moranbah,-22.0016,148.0466,89.94,34,87,18.86,AU,1612075048
242,pitimbu,-7.4706,-34.8086,75.2,100,20,4.61,BR,1612075048
243,farah,32.5,62.5,62.08,25,0,5.41,AF,1612075048
244,meiktila,20.8667,95.8667,84.7,23,100,6.67,MM,1612075049
245,tabou,4.423,-7.3528,77.59,90,9,5.95,CI,1612075049
246,gao,16.6362,1.637,63.19,26,8,11.43,ML,1612075049
247,gorontalo,0.5412,123.0595,86.74,61,100,2.59,ID,1612075049
248,owando,-0.4819,15.8999,73.94,89,99,3.6,CG,1612075049
249,port blair,11.6667,92.75,83.35,65,0,11.79,IN,1612075049
250,bolivar,37.6145,-93.4105,42.01,92,100,17.56,US,1612075050
251,trinidad,-14.8333,-64.9,73.24,95,30,3.98,BO,1612074972
252,new norfolk,-42.7826,147.0587,70.0,45,32,1.99,AU,1612075050
253,gat,31.61,34.7642,60.01,54,0,1.01,IL,1612075050
254,bilibino,68.0546,166.4372,-28.53,77,42,6.98,RU,1612075050
255,fare,-16.7,-151.0167,81.57,71,56,7.9,PF,1612075050
256,praia,14.9215,-23.5087,73.4,49,0,14.97,CV,1612075050
257,hami,42.8,93.45,33.64,71,0,3.98,CN,1612074875
258,plettenberg bay,-34.0527,23.3716,73.92,56,0,4.32,ZA,1612075051
259,nhulunbuy,-12.2333,136.7667,91.4,58,40,8.05,AU,1612075051
260,mancio lima,-7.6142,-72.8958,70.59,95,85,1.03,BR,1612075051
261,avera,33.194,-82.5271,44.6,87,90,8.05,US,1612074791
262,tarapur,19.85,72.7,81.99,36,0,7.94,IN,1612075051
263,eydhafushi,5.1033,73.0708,82.26,71,93,9.86,MV,1612075052
264,fort nelson,58.8053,-122.7002,-16.6,76,40,2.48,CA,1612075052
265,kruisfontein,-34.0033,24.7314,73.99,65,0,1.99,ZA,1612075052
266,meadow lake,34.8014,-106.5436,35.6,51,1,4.61,US,1612075052
267,severo-kurilsk,50.6789,156.125,24.69,95,100,36.84,RU,1612075052
268,waingapu,-9.6567,120.2641,84.69,71,100,17.16,ID,1612075034
269,sur,22.5667,59.5289,76.46,40,0,6.78,OM,1612075052
270,kavaratti,10.5669,72.642,81.27,74,2,11.88,IN,1612075053
271,aswan,24.0934,32.907,61.5,30,0,8.63,EG,1612075053
272,geraldton,-28.7667,114.6,96.8,30,0,21.85,AU,1612075053
273,banda aceh,5.5577,95.3222,85.19,65,2,14.67,ID,1612075053
274,zaysan,47.4667,84.8667,10.47,92,22,3.15,KZ,1612075053
275,callaguip,18.0714,120.4867,80.6,50,75,8.05,PH,1612075053
276,tamworth,52.634,-1.6959,28.99,93,100,3.0,GB,1612075054
277,saint-raymond,45.467,-73.6095,5.0,66,5,6.91,CA,1612075054
278,lucapa,-8.4192,20.7447,69.39,93,100,4.14,AO,1612075054
279,mount pleasant,32.7941,-79.8626,57.2,87,90,14.52,US,1612075054
280,codrington,-38.2667,141.9667,63.61,63,0,13.78,AU,1612074907
281,totness,5.8833,-56.3167,76.87,88,47,13.42,SR,1612075054
282,kitgum,3.2783,32.8867,86.41,21,47,6.38,UG,1612075055
283,lorengau,-2.0226,147.2712,83.14,75,100,11.92,PG,1612075055
284,kodinsk,58.6881,99.1844,-27.58,79,62,2.39,RU,1612074906
285,lavrentiya,65.5833,-171.0,-12.48,85,100,9.57,RU,1612074804
286,mopipi,-21.1833,24.8833,80.58,59,58,10.74,BW,1612075055
287,acapulco,16.8634,-99.8901,75.06,81,99,3.06,MX,1612075055
288,vung tau,10.346,107.0843,79.63,66,100,11.14,VN,1612075055
289,broome,42.2506,-75.833,10.4,85,40,2.1,US,1612075056
290,dunedin,-45.8742,170.5036,61.0,77,54,5.01,NZ,1612075056
291,verkhnetulomskiy,68.6073,31.7962,12.2,92,75,2.39,RU,1612075056
292,sobolevo,54.4299,31.8996,17.55,97,99,7.94,RU,1612074865
293,grand-santi,4.25,-54.3833,72.23,97,66,2.19,GF,1612075056
294,novita,4.9551,-76.6053,73.71,92,99,1.81,CO,1612075056
295,socorro,31.6546,-106.3033,46.99,26,1,5.75,US,1612075056
296,morant bay,17.8815,-76.4093,77.0,73,20,6.91,JM,1612075057
297,bagdarin,54.4333,113.6,-10.53,76,90,1.63,RU,1612075057
298,saint-joseph,-21.3667,55.6167,89.6,58,0,20.71,RE,1612075057
299,linxia,35.6003,103.2064,34.41,67,100,7.0,CN,1612075057
300,namatanai,-3.6667,152.4333,83.46,63,100,8.19,PG,1612075057
301,zhigansk,66.7697,123.3711,-45.26,74,53,6.08,RU,1612074764
302,jalu,29.0331,21.5482,61.5,41,0,11.23,LY,1612075057
303,clarksburg,39.2807,-80.3445,30.0,86,90,3.44,US,1612075058
304,labuhan,-6.8844,112.2051,84.36,76,91,15.84,ID,1612075058
305,markdale,44.3168,-80.6497,10.4,85,83,4.61,CA,1612074840
306,glendive,47.1053,-104.7125,26.01,100,75,5.75,US,1612075059
307,diamantino,-14.4086,-56.4461,70.97,90,83,4.32,BR,1612075059
308,mitchell,43.7094,-98.0298,26.6,86,90,16.11,US,1612075060
309,kyakhta,50.3508,106.4494,-7.38,81,100,4.29,RU,1612075060
310,rio grande,-32.035,-52.0986,68.0,99,100,4.68,BR,1612075060
311,zyryanovsk,49.7386,84.2719,12.45,92,61,1.68,KZ,1612074933
312,teguise,29.0605,-13.564,62.6,82,20,14.97,ES,1612075061
313,lima,-12.0432,-77.0282,72.0,83,0,11.5,PE,1612075061
314,bisira,8.5196,-81.7115,57.29,100,100,9.1,PA,1612075061
315,zalantun,48.0,122.7167,-4.34,88,100,3.04,CN,1612075061
316,lekoni,-1.5843,14.2591,72.99,81,100,6.02,GA,1612075061
317,baykit,61.67,96.37,-21.62,80,6,1.79,RU,1612075061
318,nioro,13.35,-15.75,67.98,21,78,6.46,GM,1612075061
319,fatehpur,25.9333,80.8,70.11,26,0,4.76,IN,1612075062
320,srednekolymsk,67.45,153.6833,-37.52,82,100,6.42,RU,1612074871
321,raudeberg,61.9875,5.1352,32.0,93,90,2.3,NO,1612075062
322,pafos,34.7667,32.4167,60.8,72,40,3.44,CY,1612075062
323,siocon,7.7061,122.1353,84.0,68,100,15.3,PH,1612075062
324,callaway,30.153,-85.5699,62.01,88,90,11.5,US,1612075062
325,port macquarie,-31.4333,152.9167,79.0,79,100,8.99,AU,1612075063
326,tefe,-3.3542,-64.7114,72.32,98,27,2.39,BR,1612074914
327,bajil,15.0584,43.2851,76.03,69,96,4.81,YE,1612074856
328,saint-augustin,51.226,-58.6502,25.88,92,100,15.75,CA,1612075063
329,carnarvon,-24.8667,113.6333,89.6,58,1,17.27,AU,1612075063
330,inirida,3.8653,-67.9239,75.88,76,96,2.35,CO,1612075063
331,berlevag,70.8578,29.0864,25.66,95,100,19.08,NO,1612075064
332,sanlucar de barrameda,36.7781,-6.3515,57.2,77,20,10.36,ES,1612075064
333,sept-iles,50.2001,-66.3821,21.2,68,73,5.75,CA,1612074923
334,russell,32.3502,-85.1999,51.01,71,90,3.44,US,1612074949
335,bambanglipuro,-7.95,110.2833,85.44,66,94,7.87,ID,1612075064
336,channel-port aux basques,47.5702,-59.1367,32.38,94,86,10.49,CA,1612075064
337,camacha,33.0833,-16.3333,57.2,88,0,11.5,PT,1612075064
338,grindavik,63.8424,-22.4338,21.2,86,90,4.61,IS,1612074922
339,oranjemund,-28.55,16.4333,64.98,72,0,10.18,NA,1612075065
340,sao filipe,14.8961,-24.4956,72.95,63,100,10.67,CV,1612075065
341,hambantota,6.1241,81.1185,86.0,74,75,12.66,LK,1612074860
342,nikolsk,53.7189,46.0712,30.06,94,100,18.99,RU,1612075065
343,narnaund,29.2167,76.15,72.18,20,0,4.09,IN,1612075065
344,charagua,-19.8,-63.2167,67.05,91,62,2.48,BO,1612075066
345,aranda de duero,41.6704,-3.6892,41.32,83,100,16.44,ES,1612075066
346,dubti,11.7361,41.0853,78.6,41,15,3.4,ET,1612075066
347,rocha,-34.4833,-54.3333,65.66,91,100,15.03,UY,1612075066
348,dondo,-19.6094,34.7431,86.0,74,20,2.3,MZ,1612075066
349,fairbanks,64.8378,-147.7164,-4.0,77,90,1.54,US,1612075067
350,mana,5.6592,-53.7767,76.82,85,20,13.18,GF,1612075067
351,cap malheureux,-19.9842,57.6142,84.99,69,4,11.99,MU,1612075067
352,katobu,-4.9408,122.5276,83.5,71,100,4.59,ID,1612075067
353,muisne,0.6,-80.0333,75.36,91,34,4.63,EC,1612075067
354,el jicaro,14.9167,-89.9,68.68,73,70,1.5,GT,1612075067
355,dovers,12.8833,-61.1833,78.85,81,6,20.8,VC,1612075067
356,sorong,-0.8833,131.25,83.08,72,100,10.07,ID,1612075068
357,imbituba,-28.24,-48.6703,78.8,89,0,9.22,BR,1612074936
358,balagansk,54.0103,103.0544,-22.7,81,76,5.32,RU,1612075068
359,ambulu,-8.345,113.6058,86.22,66,52,7.92,ID,1612075068
360,mitsamiouli,-11.3847,43.2844,83.59,73,87,10.98,KM,1612075068
361,itupiranga,-5.1347,-49.3267,75.2,100,75,2.3,BR,1612074800
362,hoi an,15.8794,108.335,75.2,73,40,6.91,VN,1612074965
363,zharkent,44.1628,80.0,33.51,84,2,4.52,KZ,1612075069
364,saldanha,-33.0117,17.9442,67.53,84,86,8.25,ZA,1612074781
365,alofi,-19.0595,-169.9187,78.8,83,100,5.75,NU,1612075069
366,bathsheba,13.2167,-59.5167,78.8,73,40,21.85,BB,1612075069
367,morehead,37.2711,-87.1764,43.0,87,90,10.36,US,1612074887
368,ossora,59.2353,163.0719,0.3,91,100,22.1,RU,1612074790
369,sergach,55.5308,45.4661,34.59,97,100,22.82,RU,1612075070
370,minna,9.6139,6.5569,73.4,28,0,3.44,NG,1612075070
371,carlisle,40.2015,-77.1889,28.0,68,100,4.63,US,1612075002
372,ust-omchug,61.15,149.6333,-32.19,79,78,10.56,RU,1612075070
373,galveston,29.3669,-94.9669,66.99,94,90,6.91,US,1612075070
374,lasa,46.6166,10.7002,33.8,100,90,5.75,IT,1612075070
375,gogrial,8.5332,28.1004,78.66,16,0,8.97,SS,1612075070
376,hobyo,5.3505,48.5268,79.74,59,6,17.47,SO,1612075071
377,nadvoitsy,63.8667,34.3167,11.48,97,96,4.41,RU,1612075071
378,atar,20.5169,-13.0499,62.96,28,9,8.68,MR,1612075071
379,tongliao,43.6125,122.2653,15.58,95,100,5.39,CN,1612075071
380,los llanos de aridane,28.6585,-17.9182,62.6,88,0,11.5,ES,1612074971
381,chardara,41.2547,67.9692,53.29,41,100,10.71,KZ,1612075072
382,maarianhamina,60.0973,19.9348,26.6,86,90,6.91,AX,1612075072
383,kupang,-10.1667,123.5833,82.4,83,90,13.8,ID,1612075072
384,porto novo,6.4965,2.6036,80.6,89,40,2.3,BJ,1612075072
385,ponta delgada,37.7333,-25.6667,63.0,94,75,14.97,PT,1612074994
386,west wendover,40.7391,-114.0733,24.8,80,1,2.57,US,1612075072
387,arkhara,49.4212,130.0842,-13.7,87,83,2.01,RU,1612075073
388,yulara,-25.2406,130.9889,98.6,18,40,12.66,AU,1612075073
389,aklavik,68.2191,-135.0107,-27.4,68,100,2.3,CA,1612075073
390,winnemucca,40.973,-117.7357,30.2,69,1,8.05,US,1612075073
391,saint-pierre,-21.3393,55.4781,89.6,58,0,20.71,RE,1612075073
392,porto santo,33.072,-16.3415,57.2,88,0,11.5,PT,1612075073
393,coutances,49.05,-1.4333,44.01,100,75,11.5,FR,1612075073
394,poretskoye,55.1974,46.3291,35.17,87,100,17.49,RU,1612075074
395,altay,47.8667,88.1167,20.66,84,0,1.5,CN,1612075074
396,pochutla,15.7432,-96.4661,72.0,87,0,1.99,MX,1612075074
397,bubaque,11.2833,-15.8333,77.9,55,0,6.93,GW,1612075074
398,bayan,46.0833,127.4,2.08,90,100,10.63,CN,1612075074
399,metro,-5.1131,105.3067,86.13,68,98,12.73,ID,1612075074
400,tucuman,-26.8241,-65.2226,68.0,94,90,5.1,AR,1612074782
401,mongu,-15.2484,23.1274,72.91,83,100,8.55,ZM,1612075075
402,omboue,-1.5746,9.2618,76.1,85,100,4.99,GA,1612075075
403,tautira,-17.7333,-149.15,80.6,74,75,14.97,PF,1612075075
404,rawson,-43.3002,-65.1023,61.25,62,96,14.07,AR,1612075075
405,karpathos,35.507,27.2132,60.8,72,20,1.54,GR,1612075075
406,margate,51.3813,1.3862,39.0,63,100,4.0,GB,1612075009
407,brigantine,39.4101,-74.3646,26.01,63,1,5.53,US,1612075076
408,san rafael,-34.6177,-68.3301,58.57,91,100,15.61,AR,1612075076
409,saint-georges,12.0564,-61.7485,78.8,83,20,17.27,GD,1612075076
410,port lincoln,-34.7333,135.8667,69.55,54,5,8.61,AU,1612074969
411,enshi,30.3,109.4833,48.85,81,100,0.85,CN,1612075076
412,havelock,34.8791,-76.9013,39.0,60,90,6.91,US,1612075076
413,san felipe,10.3399,-68.7425,69.64,88,100,3.27,VE,1612074875
414,kosh-agach,50.0,88.6667,5.18,85,8,0.67,RU,1612075077
415,olinda,-8.0089,-34.8553,78.8,69,75,5.75,BR,1612075077
416,lasem,-6.6922,111.4527,84.2,77,99,15.9,ID,1612075077
417,otavi,-19.65,17.3333,74.84,63,93,4.07,NA,1612075077
418,borovoy,55.4333,86.0833,-11.2,64,57,2.24,RU,1612075077
419,krasnoselkup,65.7,82.4667,-20.81,83,100,17.67,RU,1612074910
420,kharan,28.5833,65.4167,72.55,20,0,4.61,PK,1612074857
421,kendari,-3.945,122.4989,86.63,62,100,5.14,ID,1612075078
422,southbridge,42.0751,-72.0334,10.0,43,0,1.99,US,1612075078
423,mubi,10.2676,13.2644,71.92,22,4,2.17,NG,1612075078
424,peleduy,59.6289,112.7406,-28.46,81,100,9.4,RU,1612075078
425,ugoofaaru,5.6667,73.0,82.6,67,5,8.25,MV,1612074832
426,rudsar,37.1376,50.288,56.14,48,0,3.02,IR,1612075079
427,waycross,31.2136,-82.354,48.2,81,90,6.71,US,1612075079
428,olavarria,-36.8927,-60.3225,53.01,78,61,1.01,AR,1612075079
429,ahuimanu,21.4447,-157.8378,73.4,73,20,13.8,US,1612075079
430,cockburn town,21.4612,-71.1419,73.44,70,3,19.91,TC,1612075079
431,french harbor,16.35,-86.4333,77.0,94,40,19.57,HN,1612075079
432,vardo,70.3705,31.1107,25.72,95,100,18.66,NO,1612075080
433,kisesa,-3.0833,34.15,72.14,70,96,11.43,TZ,1612075080
434,sehithwa,-20.4667,22.7167,76.41,75,100,6.67,BW,1612075080
435,sambava,-14.2667,50.1667,84.43,66,15,8.05,MG,1612075080
436,tshela,-4.9833,12.9333,71.74,95,100,1.9,CD,1612075080
437,ulaangom,49.9811,92.0667,5.22,90,0,1.81,MN,1612075080
438,nandyal,15.4833,78.4833,89.11,27,0,8.88,IN,1612075081
439,erzin,36.9559,36.2,46.99,97,61,1.01,TR,1612074814
440,lundazi,-12.2929,33.1782,74.44,74,100,2.68,ZM,1612075081
441,kaz,52.9113,87.3105,21.15,93,1,4.03,RU,1612075081
442,puerto escondido,15.85,-97.0667,75.72,66,0,3.67,MX,1612075081
443,lodja,-3.4833,23.4333,70.93,97,100,3.11,CD,1612075081
444,antofagasta,-23.65,-70.4,64.4,82,20,8.05,CL,1612074945
445,matay,28.419,30.7792,60.91,31,0,7.11,EG,1612074797
446,rodnykove,45.043,33.9541,48.99,66,14,12.39,UA,1612075082
447,lac du bonnet,50.2536,-96.0612,19.44,98,100,3.8,CA,1612075082
448,algiers,36.7525,3.042,59.0,72,75,14.97,DZ,1612075082
449,barra,-11.0894,-43.1417,75.2,71,57,10.07,BR,1612074811
450,yoichi,43.2039,140.7703,26.6,63,75,19.57,JP,1612075083
451,gien,47.6933,2.6309,46.99,98,85,3.74,FR,1612075083
452,saldus,56.6636,22.4881,25.61,98,100,9.37,LV,1612075083
453,natal,-5.795,-35.2094,77.0,88,75,5.75,BR,1612074791
454,sunndalsora,62.6754,8.5515,32.0,93,75,8.05,NO,1612075083
455,genc,38.7507,40.5603,32.0,100,90,4.61,TR,1612075083
456,pionerskiy,54.9508,20.2275,34.0,75,75,8.95,RU,1612075083
457,buchanan,5.8808,-10.0467,75.2,94,40,4.23,LR,1612075084
458,tiznit,29.5833,-9.5,54.05,80,0,2.21,MA,1612075084
459,sao domingos do maranhao,-5.5758,-44.3853,71.38,96,100,2.3,BR,1612075084
460,maamba,-17.3667,27.15,76.57,82,100,3.83,ZM,1612075084
461,gibsons,49.3997,-123.5027,46.0,81,100,5.75,CA,1612075084
462,samarai,-10.6167,150.6667,84.78,73,100,18.3,PG,1612075084
463,umm lajj,25.0213,37.2685,70.27,34,0,9.69,SA,1612075085
464,gusau,12.1628,6.6614,64.4,26,7,10.29,NG,1612075085
465,kalmunai,7.4167,81.8167,82.63,76,68,11.88,LK,1612075085
466,vila velha,-20.3297,-40.2925,77.0,83,20,5.75,BR,1612075085
467,auki,-8.7676,160.7034,81.34,81,100,13.15,SB,1612075085
468,potosi,-19.5836,-65.7531,47.3,75,99,3.27,BO,1612074887
469,hay river,60.8156,-115.7999,-18.4,76,100,5.75,CA,1612075085
470,esso,55.9333,158.7,0.81,87,68,1.23,RU,1612075086
471,pointe-noire,-4.7761,11.8635,75.2,94,40,3.44,CG,1612075086
472,majene,-3.5403,118.9707,86.83,57,100,11.77,ID,1612075086
473,moose factory,51.2585,-80.6094,-5.8,92,90,3.44,CA,1612075086
474,evensk,61.95,159.2333,-1.95,89,100,30.27,RU,1612075086
475,zastron,-30.3023,27.084,70.75,56,0,10.0,ZA,1612075086
476,rybachiy,48.7073,44.7449,28.4,100,90,20.13,RU,1612075087
477,kariba,-16.5167,28.8,75.11,87,88,4.72,ZW,1612075087
478,new glasgow,45.5834,-62.6486,24.8,86,100,18.41,CA,1612075087
479,ler,8.3018,30.1418,83.59,17,99,10.65,SS,1612075087
480,pavlodar,52.3,76.95,6.8,85,0,8.95,KZ,1612074846
481,novyy urengoy,66.0833,76.6333,-16.35,86,100,20.98,RU,1612074854
482,kisangani,0.5167,25.2,79.77,66,100,1.9,CD,1612075088
483,dangriga,16.9692,-88.2321,75.0,86,95,7.49,BZ,1612075088
484,wamba,8.9333,8.6,74.43,20,0,2.06,NG,1612075088
485,oistins,13.0667,-59.5333,78.8,73,40,21.85,BB,1612075088
486,san luis,-33.295,-66.3356,59.65,67,7,20.71,AR,1612075088
487,namibe,-15.1961,12.1522,72.9,74,100,3.36,AO,1612075088
488,kaeo,-35.1,173.7833,68.0,68,2,5.99,NZ,1612075089
489,hendek,40.7994,30.7481,33.8,100,69,4.54,TR,1612075089
490,lichinga,-13.3128,35.2406,69.04,94,50,8.14,MZ,1612075089
491,sibolga,1.7427,98.7792,88.92,55,76,7.61,ID,1612075089
492,wanlaweyn,2.6185,44.8938,84.11,43,0,15.59,SO,1612075089
493,tessalit,20.1986,1.0114,58.64,27,0,7.14,ML,1612075089
494,rogatica,43.8008,19.0025,48.2,76,75,19.57,BA,1612075089
495,turbat,26.0023,63.044,74.73,37,0,6.24,PK,1612075090
496,san,13.3034,-4.8956,63.48,26,0,8.48,ML,1612074964
497,dongli,23.5656,116.8194,75.2,41,0,4.47,CN,1612075090
498,beringovskiy,63.05,179.3167,6.31,94,100,30.11,RU,1612075090
499,isangel,-19.55,169.2667,80.6,83,75,17.13,VU,1612075090
500,taksimo,56.3444,114.8794,-17.81,81,100,1.03,RU,1612075090
501,abu dhabi,24.4667,54.3667,73.4,73,40,10.36,AE,1612075091
502,forio,40.7342,13.8646,55.99,82,100,10.0,IT,1612075091
503,tumba,59.1986,17.8332,12.0,92,0,5.32,SE,1612075087
504,longkou,37.6508,120.3286,46.45,54,2,13.09,CN,1612075091
505,najran,17.4924,44.1277,62.6,31,0,5.75,SA,1612075091
506,christchurch,-43.5333,172.6333,62.6,72,0,23.02,NZ,1612075091
507,bandarbeyla,9.4942,50.8122,77.13,59,52,16.62,SO,1612075091
508,bambous virieux,-20.3428,57.7575,86.0,66,40,10.36,MU,1612075092
509,kahului,20.8947,-156.47,73.4,68,1,13.8,US,1612075092
510,luxor,25.6989,32.6421,42.8,70,0,4.61,EG,1612074841
511,petropavlovsk-kamchatskiy,53.0452,158.6483,28.4,50,100,17.9,RU,1612075092
512,blagoyevo,63.3667,47.9167,17.96,96,100,9.26,RU,1612075092
513,iqaluit,63.7506,-68.5145,-11.2,70,1,7.94,CA,1612074938
514,qaqortoq,60.7167,-46.0333,39.2,28,75,29.93,GL,1612075092
515,jiangyou,31.7667,104.7167,58.46,35,20,4.68,CN,1612075093
516,bonthe,7.5264,-12.505,75.16,88,7,3.56,SL,1612075093
517,kidal,18.4411,1.4078,60.82,27,5,9.08,ML,1612075093
518,mananjary,-21.2167,48.3333,86.04,62,42,4.27,MG,1612075093
519,zhuanghe,39.7008,122.9911,29.26,95,76,12.82,CN,1612075093
520,zaraza,9.3503,-65.3245,72.91,90,66,4.18,VE,1612075093
521,sangar,63.9242,127.4739,-44.81,78,70,5.75,RU,1612075093
522,lauf,48.65,8.1333,36.0,87,90,11.5,DE,1612075094
523,pabellon de arteaga,22.15,-102.25,59.0,26,1,2.3,MX,1612075094
524,kristianstad,56.0313,14.1524,32.0,93,90,3.44,SE,1612075094
525,katangli,51.7102,143.2326,0.12,90,100,11.01,RU,1612075094
526,vanavara,60.34,102.2797,-26.36,83,63,4.81,RU,1612075094
527,saravan,39.7196,45.6483,33.8,75,75,6.91,AM,1612075095
528,jardim,-21.4803,-56.1381,73.98,87,95,3.8,BR,1612075095
529,awang,7.1531,124.2211,86.47,57,100,2.64,PH,1612075095
530,yorosso,12.3536,-4.7761,65.28,25,0,6.91,ML,1612075095
531,phanat nikhom,13.4458,101.1844,93.0,43,0,7.94,TH,1612075095
532,baykalovo,57.3981,63.7684,12.42,95,10,2.68,RU,1612075095
533,agadir,30.4202,-9.5982,55.4,100,90,3.44,MA,1612075095
534,san pedro,14.35,121.0167,86.0,57,24,13.0,PH,1612075096
535,tondano,1.3038,124.9112,80.6,89,40,2.3,ID,1612074902
536,chara,56.9064,118.2631,-22.07,82,100,1.95,RU,1612075096
537,caconda,-13.7333,15.0667,65.88,78,97,5.26,AO,1612075096
538,les cayes,18.2,-73.75,71.87,83,16,5.3,HT,1612075096
539,santa isabel,-23.3156,-46.2214,75.0,94,0,1.14,BR,1612075096
540,grand gaube,-20.0064,57.6608,84.99,69,2,11.99,MU,1612075096
541,cedar city,37.6775,-113.0619,28.4,64,1,2.57,US,1612074847
542,mount isa,-20.7333,139.5,100.4,23,75,5.75,AU,1612075097
543,gornopravdinsk,60.05,69.9,14.99,96,100,9.28,RU,1612075097
544,vanimo,-2.6741,141.3028,83.88,71,51,12.57,PG,1612075097
545,namie,37.4833,141.0,43.0,33,0,15.12,JP,1612075097
546,caraballeda,10.6112,-66.8522,69.8,94,20,9.6,VE,1612074866
547,yumen,40.2833,97.2,36.28,52,0,30.91,CN,1612075097
548,tura,25.5198,90.2201,72.52,25,0,4.14,IN,1612075098
549,umm bab,25.2142,50.8072,69.01,45,0,13.0,QA,1612075098
550,vohibinany,-17.35,49.0333,86.09,59,42,4.12,MG,1612075098
551,boditi,6.9667,37.8667,69.48,26,29,9.28,ET,1612075098
552,tilichiki,60.4667,166.1,-12.62,90,100,14.38,RU,1612075098
553,shelburne,44.0787,-80.2041,7.0,100,75,2.3,CA,1612075033
554,vitim,59.4511,112.5578,-28.37,80,100,8.81,RU,1612075099
555,tokur,53.1333,132.9,-25.69,86,100,3.27,RU,1612075099
556,srivardhan,18.0333,73.0167,88.16,33,0,6.71,IN,1612075099
557,beceni,45.3833,26.7833,25.0,97,100,11.99,RO,1612075099
558,macamic,48.7502,-78.9996,-5.8,84,90,4.61,CA,1612075099
559,coari,-4.085,-63.1414,72.75,97,52,2.71,BR,1612075099
560,hofn,64.2539,-15.2082,25.47,86,96,11.88,IS,1612075100
561,las vegas,36.175,-115.1372,45.0,61,1,5.75,US,1612074876
562,solnechnogorsk,56.1833,36.9833,23.0,93,75,4.47,RU,1612075100
563,lagoa,39.05,-27.9833,61.61,96,26,21.43,PT,1612075100
564,mpika,-11.8343,31.4529,71.28,86,100,2.42,ZM,1612075100
565,along,28.1667,94.7667,73.85,26,0,1.59,IN,1612075100
566,port-gentil,-0.7193,8.7815,77.0,94,40,2.3,GA,1612075100
567,borovskoy,53.8,64.15,12.76,96,68,2.35,KZ,1612075101
